{"cameraMode":{"drawMode":0,"name":"Shaded","section":"Shading Mode"},"sceneLighting":false,"audioPlay":false,"sceneViewState":{"showFog":true,"showMaterialUpdate":true,"showSkybox":false,"showFlares":true,"showImageEffects":true,"showParticleSystems":true},"in2DMode":false,"pivot":{"x":0.714577317237854,"y":0.27135777473449709,"z":-3.6454501152038576},"rotation":{"x":-0.006205339450389147,"y":-0.9903725385665894,"z":0.12998221814632417,"w":-0.04728028178215027},"size":8.421554565429688,"orthographic":false}