{"cameraMode":{"drawMode":0,"name":"Shaded","section":"Shading Mode"},"sceneLighting":false,"audioPlay":false,"sceneViewState":{"showFog":true,"showMaterialUpdate":true,"showSkybox":false,"showFlares":true,"showImageEffects":true,"showParticleSystems":true},"in2DMode":false,"pivot":{"x":0.44020015001296999,"y":1.1849154233932496,"z":-1.6640567779541016},"rotation":{"x":0.08206181973218918,"y":-0.0910615473985672,"z":0.007529658731073141,"w":0.9924308061599731},"size":2.8578836917877199,"orthographic":false}