{"cameraMode":{"drawMode":0,"name":"Shaded","section":"Shading Mode"},"sceneLighting":true,"audioPlay":false,"sceneViewState":{"showFog":true,"showMaterialUpdate":true,"showSkybox":true,"showFlares":true,"showImageEffects":true,"showParticleSystems":true},"in2DMode":false,"pivot":{"x":-0.003716588020324707,"y":1.1324577331542969,"z":0.039669811725616458},"rotation":{"x":0.10569770634174347,"y":0.10598599910736084,"z":-0.011330352164804936,"w":0.9887055158615112},"size":5.644103527069092,"orthographic":true}